,x1,y1,x2,y2,percent,class
0,427.23932,451.75513,438.16278,463.14954,0.93559664,0.0
1,463.61743,302.20062,475.74036,313.95062,0.85220927,6.0
2,174.94817,498.7041,186.45726,510.99683,0.8005683,6.0
3,277.64954,465.85272,290.03137,478.10406,0.74282366,6.0
4,250.87851,470.73422,263.4327,482.37234,0.74121606,6.0
5,482.13312,22.098797,494.46936,33.99169,0.73572433,6.0
