,x1,y1,x2,y2,percent,class
0,391.62878,87.63379,435.66882,132.4593,0.94394594,1.0
1,535.8703,37.78003,559.3143,61.266083,0.939775,6.0
2,69.379944,456.0568,91.61638,478.4976,0.92786056,6.0
3,565.4107,160.54636,590.18805,184.35916,0.91761804,6.0
4,462.82187,357.52423,507.1852,399.78583,0.8969274,1.0
