,x1,y1,x2,y2,percent,class
0,427.23907,451.75458,438.16376,463.1496,0.9355746,0.0
1,463.6177,302.19943,475.74136,313.95102,0.8525464,6.0
2,174.9477,498.70312,186.45697,510.99536,0.8004141,6.0
3,277.64996,465.85272,290.0313,478.10394,0.7423845,6.0
4,250.87918,470.73355,263.4324,482.3705,0.74157083,6.0
5,482.1325,22.097717,494.4693,33.992123,0.7361805,6.0
