,x1,y1,x2,y2,percent,class
0,391.6286,87.63228,435.6681,132.45949,0.9438719,1.0
1,535.8715,37.779953,559.3133,61.265274,0.93979573,6.0
2,69.381386,456.0567,91.61625,478.49664,0.9278822,6.0
3,565.41125,160.5456,590.18835,184.35873,0.9176605,6.0
4,462.8221,357.5251,507.18515,399.78363,0.89698565,1.0
