,x1,y1,x2,y2,percent,class
0,261.35202,421.24554,272.24515,433.10797,0.9188792,6.0
1,379.50952,281.67938,391.1057,293.64935,0.8704485,6.0
2,325.87592,405.5562,347.4372,427.9218,0.849412,1.0
3,305.3845,303.6013,328.22684,325.741,0.8094929,1.0
4,243.71518,66.889465,256.9086,93.306,0.7957101,4.0
5,396.9173,358.46057,408.01294,369.64886,0.7755562,6.0
6,28.976248,438.49915,39.880577,449.70642,0.7375045,6.0
