,x1,y1,x2,y2,percent,class
0,280.7487,350.817,304.31302,374.0342,0.92901903,6.0
1,235.24219,337.00876,258.39026,360.572,0.91884345,6.0
2,587.46204,181.22595,611.2081,198.33057,0.904418,2.0
3,402.69684,510.10126,423.94135,534.0152,0.88299966,2.0
4,585.1207,310.75427,599.7333,326.0785,0.8804813,6.0
5,0.07059765,39.361626,14.387315,63.046707,0.8747811,1.0
6,211.53323,373.12976,232.36746,390.69202,0.8725289,2.0
7,211.8403,281.57465,233.2746,300.41217,0.8672276,2.0
8,610.31573,23.012138,633.2078,42.29931,0.8081876,2.0
