,x1,y1,x2,y2,percent,class
0,261.35257,421.2459,272.24484,433.10815,0.9188498,6.0
1,379.5099,281.67865,391.1073,293.6496,0.87043625,6.0
2,325.87433,405.5561,347.43628,427.92407,0.8499951,1.0
3,305.38348,303.59952,328.22687,325.74338,0.809646,1.0
4,243.715,66.88934,256.90747,93.30432,0.7953695,4.0
5,396.91492,358.46027,408.0099,369.64862,0.7749993,6.0
6,28.976257,438.49976,39.880035,449.7068,0.73695654,6.0
