,x1,y1,x2,y2,percent,class
0,280.7483,350.81732,304.31226,374.03436,0.92902553,6.0
1,235.24231,337.00775,258.39066,360.57233,0.91884214,6.0
2,587.4609,181.22467,611.207,198.331,0.90440524,2.0
3,402.6969,510.10004,423.94183,534.0135,0.8829551,2.0
4,585.1214,310.75522,599.73334,326.07828,0.8805049,6.0
5,0.07075977,39.360676,14.386722,63.046124,0.8748079,1.0
6,211.53375,373.1292,232.36682,390.6927,0.8725156,2.0
7,211.84195,281.5747,233.27493,300.41217,0.867215,2.0
8,610.31537,23.01183,633.2076,42.29858,0.8082254,2.0
