,x1,y1,x2,y2,percent,class
0,325.54608,405.33936,347.24677,428.72217,0.8915449,1.0
1,304.66776,303.1337,328.44748,327.47287,0.88948023,1.0
2,379.1698,280.98962,391.06372,293.79968,0.86090976,6.0
3,243.552,66.3663,257.13858,92.54376,0.7945037,4.0
4,261.714,422.0022,272.4486,433.8291,0.7751133,6.0
5,28.69632,438.72845,40.596962,450.13043,0.7729575,6.0
